{"loss": [0.6206755638122559, 0.5583508610725403, 0.5369647145271301, 0.5197827816009521, 0.5043365955352783, 0.48785489797592163, 0.47391441464424133, 0.45996707677841187, 0.4467981159687042, 0.42279452085494995, 0.4140006899833679, 0.4048795700073242, 0.3994622826576233, 0.38264578580856323, 0.3792763352394104, 0.3748910427093506, 0.3676118850708008, 0.36721402406692505, 0.3602585196495056, 0.35977622866630554, 0.3574331998825073, 0.35139697790145874, 0.35508015751838684, 0.34822797775268555, 0.3456566631793976, 0.34463778138160706, 0.3401147723197937, 0.34570395946502686, 0.34523001313209534], "accuracy": [0.5316182374954224, 0.5324876308441162, 0.5420503616333008, 0.5548650622367859, 0.5798184275627136, 0.611243486404419, 0.6288878917694092, 0.651136577129364, 0.6695215106010437, 0.6951832175254822, 0.7024921178817749, 0.7174640893936157, 0.7220039963722229, 0.7365252375602722, 0.7403245568275452, 0.7418056726455688, 0.7503058910369873, 0.749178946018219, 0.7552321553230286, 0.7586773037910461, 0.7611565589904785, 0.7666623592376709, 0.762380063533783, 0.7657286524772644, 0.768401026725769, 0.771975040435791, 0.7737137079238892, 0.771009087562561, 0.7717818021774292], "auc": [0.5433448553085327, 0.6109238862991333, 0.672829270362854, 0.708472728729248, 0.7386236190795898, 0.7616430521011353, 0.7817392349243164, 0.7985391616821289, 0.8138838410377502, 0.8350938558578491, 0.8441428542137146, 0.8519683480262756, 0.8566485643386841, 0.8680227994918823, 0.8712437152862549, 0.8749009966850281, 0.8811784386634827, 0.8803374767303467, 0.8855593204498291, 0.8852763175964355, 0.8891444206237793, 0.8920338153839111, 0.8886474967002869, 0.8937405347824097, 0.8956059217453003, 0.8956141471862793, 0.898679256439209, 0.8960039615631104, 0.8959288597106934], "precision": [0.5034856796264648, 0.6304348111152649, 0.7534246444702148, 0.7813702821731567, 0.8145363330841064, 0.8336021304130554, 0.8421409130096436, 0.8559402823448181, 0.8686018586158752, 0.8829194903373718, 0.8883693814277649, 0.8959046602249146, 0.8979838490486145, 0.9036098718643188, 0.9067552089691162, 0.9062771797180176, 0.9126319885253906, 0.9091678857803345, 0.9115766882896423, 0.9152063727378845, 0.9196848273277283, 0.9171327352523804, 0.9154701232910156, 0.9176227450370789, 0.9191620349884033, 0.9221644997596741, 0.9209349155426025, 0.921517550945282, 0.9190796613693237], "recall": [0.044655125588178635, 0.005976916756480932, 0.034006595611572266, 0.06973069161176682, 0.1339653730392456, 0.21303929388523102, 0.25618302822113037, 0.30736467242240906, 0.34741687774658203, 0.4030640423297882, 0.41769716143608093, 0.4493679702281952, 0.45898598432540894, 0.4901071786880493, 0.4970459043979645, 0.5008931159973145, 0.5166941285133362, 0.5164193511009216, 0.5290601849555969, 0.5346248745918274, 0.5373042225837708, 0.5520060658454895, 0.5431437492370605, 0.5494641661643982, 0.5546166300773621, 0.5607996582984924, 0.5657460689544678, 0.5590134859085083, 0.5625858902931213], "val_loss": [0.5932962894439697, 0.6108193397521973, 0.5836206674575806, 0.5928580164909363, 0.7338436841964722, 0.5578405261039734, 0.5599966049194336, 0.7596862316131592, 0.5716251134872437, 0.5216071009635925, 0.5399166345596313, 0.5222405791282654, 0.5494440793991089, 0.49911606311798096, 0.49297770857810974, 0.4496881365776062, 0.4747266471385956, 0.45440417528152466, 0.5563570857048035, 0.44171857833862305, 0.47631508111953735, 0.4519001543521881, 0.4480575621128082, 0.45587462186813354, 0.4454864263534546, 0.4542309641838074, 0.4467449188232422, 0.449384868144989, 0.4414641261100769], "val_accuracy": [0.531366765499115, 0.531366765499115, 0.5314955711364746, 0.5495298504829407, 0.5620250105857849, 0.5566146969795227, 0.5728455781936646, 0.6315857172012329, 0.5706557035446167, 0.7610459923744202, 0.7437846064567566, 0.6148396134376526, 0.6733221411705017, 0.7596290111541748, 0.7418524026870728, 0.7305165529251099, 0.7426252961158752, 0.7458456754684448, 0.7217570543289185, 0.773669958114624, 0.7816565632820129, 0.7691614031791687, 0.7756022214889526, 0.7744428515434265, 0.767873227596283, 0.7495813369750977, 0.752544105052948, 0.7650392651557922, 0.7576967477798462], "val_auc": [0.44869565963745117, 0.4343327283859253, 0.5425928831100464, 0.5560534000396729, 0.6423692107200623, 0.6174520254135132, 0.6441299915313721, 0.748278021812439, 0.7011937499046326, 0.7869569659233093, 0.7955974340438843, 0.7201868295669556, 0.7963518500328064, 0.8085852265357971, 0.8071933388710022, 0.7931373715400696, 0.8161554336547852, 0.8018895387649536, 0.8212785124778748, 0.8180541396141052, 0.8398556113243103, 0.8293707370758057, 0.8286010026931763, 0.8318776488304138, 0.8307677507400513, 0.826461911201477, 0.8192594051361084, 0.8277736902236938, 0.8252968788146973], "val_precision": [0.0, 0.0, 0.5027933120727539, 0.6931506991386414, 0.525063157081604, 0.8310810923576355, 0.8870192170143127, 0.5822758078575134, 0.8860759735107422, 0.8271559476852417, 0.7529917359352112, 0.6487603187561035, 0.6457672119140625, 0.8059391975402832, 0.7805631756782532, 0.926600456237793, 0.7688524723052979, 0.8599221706390381, 0.7018023133277893, 0.8990241885185242, 0.8067572116851807, 0.8227272629737854, 0.8500738739967346, 0.826809823513031, 0.8316473960876465, 0.7920689582824707, 0.8275467157363892, 0.8234664797782898, 0.8289030194282532], "val_recall": [0.0, 0.0, 0.024738866835832596, 0.06954370439052582, 0.6852666139602661, 0.06761956959962845, 0.10142935812473297, 0.7567344903945923, 0.09620670974254608, 0.6195712089538574, 0.674546480178833, 0.38840022683143616, 0.6709730625152588, 0.6415612697601318, 0.6247938275337219, 0.4615173041820526, 0.6445849537849426, 0.5467289686203003, 0.7064321041107178, 0.5824629068374634, 0.7023089528083801, 0.6467839479446411, 0.6327652335166931, 0.6561297178268433, 0.6327652335166931, 0.6313908696174622, 0.5962067246437073, 0.6346893906593323, 0.6085761189460754], "lr": [9.999999747378752e-05, 9.999999747378752e-05, 9.999999747378752e-05, 9.999999747378752e-05, 9.999999747378752e-05, 9.999999747378752e-05, 9.999999747378752e-05, 9.999999747378752e-05, 9.999999747378752e-05, 4.999999873689376e-05, 4.999999873689376e-05, 4.999999873689376e-05, 4.999999873689376e-05, 2.499999936844688e-05, 2.499999936844688e-05, 2.499999936844688e-05, 2.499999936844688e-05, 2.499999936844688e-05, 2.499999936844688e-05, 1.249999968422344e-05, 1.249999968422344e-05, 1.249999968422344e-05, 1.249999968422344e-05, 6.24999984211172e-06, 6.24999984211172e-06, 6.24999984211172e-06, 3.12499992105586e-06, 3.12499992105586e-06, 3.12499992105586e-06]}