{"loss": [0.8982860445976257, 0.8171833157539368, 0.7902573943138123, 0.7626468539237976, 0.7430474162101746, 0.7249931693077087, 0.7157925963401794, 0.712428867816925, 0.7051122188568115, 0.6904354095458984, 0.6803842186927795, 0.6759940981864929, 0.6717022657394409, 0.6732276678085327, 0.6646794676780701, 0.6639500856399536, 0.6661624312400818, 0.6595155596733093, 0.6639878749847412, 0.6566638350486755, 0.6640135645866394, 0.6636437773704529, 0.6596569418907166, 0.6651481986045837, 0.6560730934143066, 0.6632368564605713, 0.6581849455833435, 0.6625866293907166, 0.6571526527404785, 0.6551516056060791, 0.6603683233261108, 0.6567205190658569], "accuracy": [0.5365767478942871, 0.5675510168075562, 0.5801081657409668, 0.5911842584609985, 0.6023568511009216, 0.6120806336402893, 0.6136583089828491, 0.6164917349815369, 0.6217077970504761, 0.6327516436576843, 0.6356494426727295, 0.6410908699035645, 0.6410586833953857, 0.6416382193565369, 0.6473050713539124, 0.6452121734619141, 0.6455985307693481, 0.6491402983665466, 0.6467898488044739, 0.6502350568771362, 0.6450833678245544, 0.6466932892799377, 0.6508790254592896, 0.6462746858596802, 0.6530362367630005, 0.647144079208374, 0.6503960490226746, 0.6489793062210083, 0.6501384377479553, 0.652585506439209, 0.6492369174957275, 0.652778685092926], "auc": [0.5484235286712646, 0.5940412282943726, 0.6103770732879639, 0.6275366544723511, 0.6419568061828613, 0.6563076376914978, 0.6601067185401917, 0.6637430191040039, 0.668252170085907, 0.6819184422492981, 0.6889808177947998, 0.6940084099769592, 0.6956167817115784, 0.6948329210281372, 0.7033600807189941, 0.702515184879303, 0.7007191181182861, 0.70688796043396, 0.702404260635376, 0.7079989910125732, 0.702097475528717, 0.7022712230682373, 0.7060935497283936, 0.7018253207206726, 0.709402859210968, 0.7027733325958252, 0.706756055355072, 0.7040960192680359, 0.7079083323478699, 0.7089119553565979, 0.7057936191558838, 0.7082384824752808], "precision": [0.5053008198738098, 0.5368008017539978, 0.5495778322219849, 0.5610669255256653, 0.5722426176071167, 0.5817577242851257, 0.5847081542015076, 0.5874727368354797, 0.5929162502288818, 0.604651153087616, 0.6071712374687195, 0.6124711036682129, 0.6127282381057739, 0.6135339140892029, 0.6191768050193787, 0.6171890497207642, 0.6175243258476257, 0.6207510828971863, 0.6192947626113892, 0.622666597366333, 0.617134153842926, 0.6181806325912476, 0.622890055179596, 0.6185416579246521, 0.625916063785553, 0.6186736822128296, 0.622207522392273, 0.6198976039886475, 0.6216697692871094, 0.6246029734611511, 0.6210338473320007, 0.6250829100608826], "recall": [0.5337318181991577, 0.5636850595474243, 0.5768755078315735, 0.5866996645927429, 0.6002335548400879, 0.6130118370056152, 0.606279194355011, 0.6101951003074646, 0.6152788996696472, 0.6251717209815979, 0.6305303573608398, 0.6376751661300659, 0.6363011598587036, 0.635957658290863, 0.6428276896476746, 0.6398735642433167, 0.6405605673789978, 0.646125316619873, 0.6394613981246948, 0.6439269185066223, 0.6393926739692688, 0.643789529800415, 0.6464688181877136, 0.6398735642433167, 0.6454383134841919, 0.6441330313682556, 0.6467435956001282, 0.6489419937133789, 0.6476367115974426, 0.648461103439331, 0.6454383134841919, 0.6474993228912354], "val_loss": [0.7828934192657471, 0.7944003343582153, 0.7714066505432129, 0.7616319060325623, 0.7573047876358032, 0.7580751180648804, 0.758551836013794, 0.7426509261131287, 0.7461680173873901, 0.7505884170532227, 0.7438066005706787, 0.7524248361587524, 0.7481160163879395, 0.7477784156799316, 0.7446059584617615, 0.752865731716156, 0.7479957938194275, 0.7490699887275696, 0.7450730204582214, 0.7452948689460754, 0.7472229599952698, 0.7430531978607178, 0.7456022500991821, 0.7350131273269653, 0.7462728023529053, 0.7435654401779175, 0.74490886926651, 0.7383306622505188, 0.7456278204917908, 0.7440268993377686, 0.7376518249511719, 0.746782660484314], "val_accuracy": [0.48035553097724915, 0.4954270124435425, 0.511786699295044, 0.5323972702026367, 0.5358753204345703, 0.5312379002571106, 0.544892430305481, 0.5630555152893066, 0.562926709651947, 0.5680793523788452, 0.5770964622497559, 0.5750354528427124, 0.573618471622467, 0.5755506753921509, 0.5803169012069702, 0.5846966505050659, 0.578255832195282, 0.5854695439338684, 0.5894628167152405, 0.5881747007369995, 0.5778693556785583, 0.587401807308197, 0.5880458354949951, 0.5959036350250244, 0.5901069045066833, 0.5877882242202759, 0.5870153307914734, 0.5898492932319641, 0.5906221866607666, 0.5890763998031616, 0.585598349571228, 0.5859848260879517], "val_auc": [0.5013240575790405, 0.5196259617805481, 0.5462659597396851, 0.5642842054367065, 0.5751851797103882, 0.5772501230239868, 0.5878869295120239, 0.6020163297653198, 0.6050000190734863, 0.6039155721664429, 0.613414466381073, 0.6074522733688354, 0.6161574721336365, 0.6173259019851685, 0.6174808740615845, 0.6160911321640015, 0.621336042881012, 0.6220343112945557, 0.6212694048881531, 0.6237950325012207, 0.6211546659469604, 0.6244161128997803, 0.6267102956771851, 0.6316399574279785, 0.6229043006896973, 0.6223757266998291, 0.6244683265686035, 0.6284031271934509, 0.6267261505126953, 0.6239877939224243, 0.6272901296615601, 0.6218326687812805], "val_precision": [0.42460015416145325, 0.448542982339859, 0.47346368432044983, 0.5013540983200073, 0.5055432319641113, 0.4998331665992737, 0.516370415687561, 0.5365201830863953, 0.5373817682266235, 0.5410308241844177, 0.551315426826477, 0.5493737459182739, 0.5487805008888245, 0.5501022338867188, 0.5550405383110046, 0.5579832196235657, 0.5526620149612427, 0.560068666934967, 0.562795877456665, 0.5635996460914612, 0.5538324117660522, 0.5612848401069641, 0.5632184147834778, 0.5691797733306885, 0.563829779624939, 0.5620396733283997, 0.5613287687301636, 0.5641605257987976, 0.5645342469215393, 0.5641099214553833, 0.560645341873169, 0.560295820236206], "val_recall": [0.3064870834350586, 0.3342495858669281, 0.3727322816848755, 0.40709179639816284, 0.4387025833129883, 0.4117647111415863, 0.4551951587200165, 0.4967014789581299, 0.4840571880340576, 0.5164926052093506, 0.5241891145706177, 0.518416702747345, 0.5071467757225037, 0.5175920724868774, 0.5266630053520203, 0.5475535988807678, 0.5250137448310852, 0.5382078289985657, 0.555525004863739, 0.537108302116394, 0.5104452967643738, 0.5475535988807678, 0.5387575626373291, 0.566520094871521, 0.5536009073257446, 0.5453546047210693, 0.5434304475784302, 0.5486531257629395, 0.5530511140823364, 0.5417811870574951, 0.5349093079566956, 0.5415063500404358], "lr": [9.999999747378752e-06, 9.999999747378752e-06, 9.999999747378752e-06, 9.999999747378752e-06, 9.999999747378752e-06, 9.999999747378752e-06, 9.999999747378752e-06, 9.999999747378752e-06, 9.999999747378752e-06, 9.999999747378752e-06, 9.999999747378752e-06, 4.999999873689376e-06, 4.999999873689376e-06, 4.999999873689376e-06, 2.499999936844688e-06, 2.499999936844688e-06, 2.499999936844688e-06, 1.249999968422344e-06, 1.249999968422344e-06, 1.249999968422344e-06, 6.24999984211172e-07, 6.24999984211172e-07, 6.24999984211172e-07, 3.12499992105586e-07, 3.12499992105586e-07, 3.12499992105586e-07, 3.12499992105586e-07, 1.56249996052793e-07, 1.56249996052793e-07, 1.56249996052793e-07, 1.0000000116860974e-07, 1.0000000116860974e-07]}