{"loss": [0.502763569355011, 0.20989729464054108, 0.15936222672462463, 0.13449636101722717, 0.11899790167808533, 0.10697465389966965, 0.09365174174308777, 0.0896131843328476, 0.0850517526268959, 0.0784667506814003, 0.06196846067905426, 0.05596901848912239, 0.05541319400072098, 0.04828117415308952, 0.04574098438024521], "accuracy": [0.7191061973571777, 0.920310378074646, 0.940015435218811, 0.9498357772827148, 0.9542468786239624, 0.9585291743278503, 0.9631978869438171, 0.9657093286514282, 0.9671581983566284, 0.9690256714820862, 0.9760770201683044, 0.9782020449638367, 0.9785562753677368, 0.9813574552536011, 0.9831283688545227], "auc": [0.8172356486320496, 0.9708281755447388, 0.9828649163246155, 0.9876490235328674, 0.9906432628631592, 0.9920967221260071, 0.9941052794456482, 0.9946503639221191, 0.9949159026145935, 0.9958000779151917, 0.997361421585083, 0.9977091550827026, 0.99790358543396, 0.9982207417488098, 0.9982175230979919], "precision": [0.6994801163673401, 0.927827775478363, 0.9443394541740417, 0.9520729184150696, 0.9550336003303528, 0.9585291743278503, 0.9628683924674988, 0.9659459590911865, 0.9664369225502014, 0.9683064818382263, 0.9755560159683228, 0.9767122268676758, 0.976860761642456, 0.9794196486473083, 0.9820005297660828], "recall": [0.702459454536438, 0.8999724984169006, 0.9266281723976135, 0.9402995109558105, 0.9469634294509888, 0.9527342915534973, 0.9584363698959351, 0.9607034921646118, 0.9633827805519104, 0.9655125141143799, 0.9733443260192871, 0.9767793416976929, 0.977397620677948, 0.9808326363563538, 0.9820005297660828], "val_loss": [0.4264146089553833, 0.40496379137039185, 0.4666946530342102, 0.35083508491516113, 0.576980471611023, 0.35938915610313416, 0.3214893043041229, 0.4913351535797119, 0.4783487617969513, 0.4957692623138428, 0.5427120327949524, 0.9477680921554565, 0.5109185576438904, 0.5388671159744263, 0.7324798107147217], "val_accuracy": [0.7731547355651855, 0.7816565632820129, 0.790544867515564, 0.8218472003936768, 0.7883549928665161, 0.82545405626297, 0.8530207276344299, 0.845034122467041, 0.8348576426506042, 0.8321525454521179, 0.8429730534553528, 0.7771480083465576, 0.8322813510894775, 0.8329254388809204, 0.8048434853553772], "val_auc": [0.9336162209510803, 0.9524138569831848, 0.9496994018554688, 0.9698711633682251, 0.9567237496376038, 0.9701699018478394, 0.9712321162223816, 0.9652600288391113, 0.9643892049789429, 0.9638672471046448, 0.9665833711624146, 0.9436624050140381, 0.9649385809898376, 0.9596363306045532, 0.9537467360496521], "val_precision": [0.6980375647544861, 0.7006816864013672, 0.70674067735672, 0.7383217215538025, 0.6953201293945312, 0.7429240345954895, 0.7826579213142395, 0.7630157470703125, 0.7511727213859558, 0.7470899224281311, 0.7560872435569763, 0.6808187961578369, 0.7455845475196838, 0.7480398416519165, 0.7099900841712952], "val_recall": [0.9092907905578613, 0.9323804378509521, 0.9452996253967285, 0.9601429104804993, 0.9760857820510864, 0.9595931768417358, 0.9502474069595337, 0.9708631038665771, 0.9683892130851746, 0.9703133702278137, 0.981583297252655, 0.9873557090759277, 0.9747113585472107, 0.9703133702278137, 0.9865310788154602], "lr": [4.999999873689376e-05, 4.999999873689376e-05, 4.999999873689376e-05, 4.999999873689376e-05, 4.999999873689376e-05, 4.999999873689376e-05, 4.999999873689376e-05, 4.999999873689376e-05, 4.999999873689376e-05, 4.999999873689376e-05, 2.499999936844688e-05, 2.499999936844688e-05, 2.499999936844688e-05, 1.249999968422344e-05, 1.249999968422344e-05]}